Timestamp,Username,Page
2026-05-09 22:32:18,admin,Đăng nhập thành công
2026-05-09 22:32:18,admin,Trang Chủ
2026-05-09 22:34:25,admin,Trang Chủ
2026-05-09 22:39:05,admin,Đăng nhập thành công
2026-05-09 22:39:05,admin,Trang Chủ
2026-05-14 22:16:36,admin,Đăng nhập thành công
2026-05-14 22:16:36,admin,Trang Chủ
2026-05-14 22:16:52,admin,Trợ Lý AI
2026-05-14 22:16:55,admin,Phòng Thí Nghiệm
2026-05-14 22:17:03,admin,Phòng Thí Nghiệm
2026-05-14 22:17:54,admin,Đăng nhập thành công
2026-05-14 22:17:54,admin,Trang Chủ
2026-05-14 22:18:48,admin,Đăng nhập thành công
2026-05-14 22:18:49,admin,Trang Chủ
2026-05-14 22:20:12,admin,Đăng nhập thành công
2026-05-14 22:20:13,admin,Trang Chủ
2026-05-14 22:23:32,admin,Phòng Thí Nghiệm
2026-05-14 22:23:34,admin,Phòng Thí Nghiệm
2026-05-14 22:23:34,admin,Phòng Thí Nghiệm
2026-05-17 14:51:16,admin,Đăng nhập thành công
2026-05-17 14:51:16,admin,Hiệu Suất Kinh Doanh
2026-05-17 14:51:26,admin,Tải Lên Dữ Liệu
2026-05-17 14:51:45,admin,Tải Lên Dữ Liệu
2026-05-17 14:51:53,admin,Tải Lên Dữ Liệu
2026-05-17 14:51:55,admin,Tải Lên Dữ Liệu
2026-05-17 14:51:59,admin,Tải Lên Dữ Liệu
2026-05-17 14:52:02,admin,Tải Lên Dữ Liệu
2026-05-17 14:52:07,admin,Trợ Lý AI
